rows;2000
cols;2000
its;5
algorithm;P;min;avg;max
build/stencil_sequential/sequential_benchmark_tmp_matrix;1;67.214844;73.302116;78.881836
build/stencil_sequential/sequential_benchmark_one_vector;1;64.734863;66.073079;69.677002
build/stencil_mpi/mpi_benchmark_sendrecv;1;68.197012;72.589429;75.575829
build/stencil_mpi/mpi_benchmark_sendrecv;2;36.488056;38.506754;43.579102
build/stencil_mpi/mpi_benchmark_sendrecv;3;27.652979;30.886825;34.657955
build/stencil_mpi/mpi_benchmark_sendrecv;4;25.599003;34.367657;40.663004
build/stencil_mpi/mpi_benchmark_sendrecv;8;16.901970;22.824804;24.691820
build/stencil_mpi/mpi_benchmark_sendrecv;10;16.299963;29.443796;37.529945
build/stencil_mpi/mpi_benchmark_sendrecv;12;15.936136;36.842950;46.841145
build/stencil_mpi/mpi_benchmark_sendrecv;16;13.574123;21.450416;25.573969
build/stencil_mpi/mpi_benchmark_sendrecv;20;13.351917;20.021582;24.431944
build/stencil_mpi/mpi_benchmark_sendrecv;24;12.924910;21.344368;30.408859
build/stencil_mpi/mpi_benchmark_sendrecv;28;11.968136;15.217074;23.207903
build/stencil_mpi/mpi_benchmark_sendrecv;32;11.264086;31.188687;50.044060
build/stencil_mpi/mpi_benchmark_sendrecv;34;9.094954;19.927939;28.101921
build/stencil_mpi/mpi_benchmark_sendrecv;36;12.167931;41.007733;59.507132
build/stencil_mpi/mpi_benchmark_nonblocking;1;64.251900;68.143884;74.592113
build/stencil_mpi/mpi_benchmark_nonblocking;2;36.044121;38.051399;44.326067
build/stencil_mpi/mpi_benchmark_nonblocking;3;25.837898;33.382821;38.202047
build/stencil_mpi/mpi_benchmark_nonblocking;4;20.406961;35.083755;40.282965
build/stencil_mpi/mpi_benchmark_nonblocking;8;11.877060;34.974440;52.287817
build/stencil_mpi/mpi_benchmark_nonblocking;10;11.537075;30.070337;38.497925
build/stencil_mpi/mpi_benchmark_nonblocking;12;11.157990;29.328068;37.863970
build/stencil_mpi/mpi_benchmark_nonblocking;16;8.347988;22.898817;31.280041
build/stencil_mpi/mpi_benchmark_nonblocking;20;8.195877;21.384843;26.907921
build/stencil_mpi/mpi_benchmark_nonblocking;24;7.524014;17.586327;25.233984
build/stencil_mpi/mpi_benchmark_nonblocking;28;6.934881;13.694461;20.669937
build/stencil_mpi/mpi_benchmark_nonblocking;32;6.689072;29.469792;46.611071
build/stencil_mpi/mpi_benchmark_nonblocking;34;6.451845;16.083924;21.376133
build/stencil_mpi/mpi_benchmark_nonblocking;36;6.500959;32.599711;48.964977
build/stencil_mpi/mpi_benchmark_onesided_fence;1;68.298101;76.445580;82.116842
build/stencil_mpi/mpi_benchmark_onesided_fence;2;44.187069;90.295132;102.492809
build/stencil_mpi/mpi_benchmark_onesided_fence;3;35.012960;73.753643;91.001987
build/stencil_mpi/mpi_benchmark_onesided_fence;4;27.387857;138.437382;197.484970
build/stencil_mpi/mpi_benchmark_onesided_fence;8;20.304918;64.709393;82.362175
build/stencil_mpi/mpi_benchmark_onesided_fence;10;17.950058;50.608404;61.314821
build/stencil_mpi/mpi_benchmark_onesided_fence;12;17.245770;47.678002;57.403088
build/stencil_mpi/mpi_benchmark_onesided_fence;16;15.777111;53.296359;71.089029
build/stencil_mpi/mpi_benchmark_onesided_fence;20;12.749910;35.198538;39.921999
build/stencil_mpi/mpi_benchmark_onesided_fence;24;11.831999;26.803875;30.100107
build/stencil_mpi/mpi_benchmark_onesided_fence;28;11.947155;24.380175;29.217958
build/stencil_mpi/mpi_benchmark_onesided_fence;32;10.667086;16.451820;21.295071
build/stencil_mpi/mpi_benchmark_onesided_fence;34;10.152817;15.116596;20.928144
build/stencil_mpi/mpi_benchmark_onesided_fence;36;12.761116;19.330939;24.041176
build/stencil_mpi/mpi_benchmark_onesided_pscw;1;64.579010;75.877643;84.040880
build/stencil_mpi/mpi_benchmark_onesided_pscw;2;43.102980;94.663684;107.814789
build/stencil_mpi/mpi_benchmark_onesided_pscw;3;33.710003;76.142319;97.398996
build/stencil_mpi/mpi_benchmark_onesided_pscw;4;25.651217;138.348206;197.385073
build/stencil_mpi/mpi_benchmark_onesided_pscw;8;17.473936;68.662651;90.843916
build/stencil_mpi/mpi_benchmark_onesided_pscw;10;15.594006;42.785438;49.139023
build/stencil_mpi/mpi_benchmark_onesided_pscw;12;14.997005;46.672702;56.724072
build/stencil_mpi/mpi_benchmark_onesided_pscw;16;13.974905;48.193200;60.629129
build/stencil_mpi/mpi_benchmark_onesided_pscw;20;10.020971;34.577926;40.833950
build/stencil_mpi/mpi_benchmark_onesided_pscw;24;9.824991;24.558457;27.796984
build/stencil_mpi/mpi_benchmark_onesided_pscw;28;8.780003;20.463832;23.124933
build/stencil_mpi/mpi_benchmark_onesided_pscw;32;10.593176;17.191275;19.530058
build/stencil_mpi/mpi_benchmark_onesided_pscw;34;6.596088;11.683273;17.673969
build/stencil_mpi/mpi_benchmark_onesided_pscw;36;9.340048;25.753641;29.268026

rows;2000
cols;2000
its;10
algorithm;P;min;avg;max
build/stencil_sequential/sequential_benchmark_tmp_matrix;1;137.589111;149.528890;157.676025
build/stencil_sequential/sequential_benchmark_one_vector;1;134.361816;135.408114;138.604004
build/stencil_mpi/mpi_benchmark_sendrecv;1;135.789871;149.108831;159.541130
build/stencil_mpi/mpi_benchmark_sendrecv;2;74.187040;76.740336;84.532976
build/stencil_mpi/mpi_benchmark_sendrecv;3;56.907177;70.237772;83.166838
build/stencil_mpi/mpi_benchmark_sendrecv;4;56.576967;93.858361;128.695011
build/stencil_mpi/mpi_benchmark_sendrecv;8;31.919003;38.220437;43.594122
build/stencil_mpi/mpi_benchmark_sendrecv;10;35.514116;53.520425;61.035872
build/stencil_mpi/mpi_benchmark_sendrecv;12;29.270887;54.224674;70.510149
build/stencil_mpi/mpi_benchmark_sendrecv;16;31.304121;56.049037;77.689886
build/stencil_mpi/mpi_benchmark_sendrecv;20;29.197931;45.750459;70.896864
build/stencil_mpi/mpi_benchmark_sendrecv;24;26.450872;46.209065;74.597120
build/stencil_mpi/mpi_benchmark_sendrecv;28;26.412964;41.321603;63.962936
build/stencil_mpi/mpi_benchmark_sendrecv;32;24.834871;90.534576;139.185905
build/stencil_mpi/mpi_benchmark_sendrecv;34;20.469189;53.588947;76.366186
build/stencil_mpi/mpi_benchmark_sendrecv;36;26.067019;107.462796;165.436983
build/stencil_mpi/mpi_benchmark_nonblocking;1;137.638092;149.706634;158.746004
build/stencil_mpi/mpi_benchmark_nonblocking;2;71.180820;73.973759;78.458071
build/stencil_mpi/mpi_benchmark_nonblocking;3;55.425167;70.758438;82.072020
build/stencil_mpi/mpi_benchmark_nonblocking;4;43.911934;89.572279;106.213093
build/stencil_mpi/mpi_benchmark_nonblocking;8;26.239157;135.082444;204.340935
build/stencil_mpi/mpi_benchmark_nonblocking;10;21.999121;74.400703;91.193914
build/stencil_mpi/mpi_benchmark_nonblocking;12;21.834850;45.902769;67.080021
build/stencil_mpi/mpi_benchmark_nonblocking;16;17.843008;84.765768;113.708019
build/stencil_mpi/mpi_benchmark_nonblocking;20;14.981985;41.393391;66.199780
build/stencil_mpi/mpi_benchmark_nonblocking;24;13.991833;40.806230;71.219921
build/stencil_mpi/mpi_benchmark_nonblocking;28;13.648987;25.783118;48.654079
build/stencil_mpi/mpi_benchmark_nonblocking;32;13.185024;87.540213;133.944988
build/stencil_mpi/mpi_benchmark_nonblocking;34;12.241125;47.854217;70.410967
build/stencil_mpi/mpi_benchmark_nonblocking;36;12.212992;98.857085;142.884016
build/stencil_mpi/mpi_benchmark_onesided_fence;1;138.091087;161.665662;180.077076
build/stencil_mpi/mpi_benchmark_onesided_fence;2;82.903147;195.112300;211.954832
build/stencil_mpi/mpi_benchmark_onesided_fence;3;62.138081;166.250889;191.420078
build/stencil_mpi/mpi_benchmark_onesided_fence;4;45.722961;331.222582;406.075954
build/stencil_mpi/mpi_benchmark_onesided_fence;8;32.552004;123.271378;141.726971
build/stencil_mpi/mpi_benchmark_onesided_fence;10;32.660007;100.922712;119.493961
build/stencil_mpi/mpi_benchmark_onesided_fence;12;32.107830;97.221271;114.495039
build/stencil_mpi/mpi_benchmark_onesided_fence;16;26.164055;135.548155;165.704012
build/stencil_mpi/mpi_benchmark_onesided_fence;20;23.751020;60.697977;70.523977
build/stencil_mpi/mpi_benchmark_onesided_fence;24;20.849943;32.637874;55.482149
build/stencil_mpi/mpi_benchmark_onesided_fence;28;23.098946;62.661163;73.217869
build/stencil_mpi/mpi_benchmark_onesided_fence;32;20.992041;25.401545;42.881966
build/stencil_mpi/mpi_benchmark_onesided_fence;34;21.335125;26.547281;43.555021
build/stencil_mpi/mpi_benchmark_onesided_fence;36;20.962954;37.033486;53.162813
build/stencil_mpi/mpi_benchmark_onesided_pscw;1;140.480042;167.716448;186.858892
build/stencil_mpi/mpi_benchmark_onesided_pscw;2;85.203886;201.425020;223.474979
build/stencil_mpi/mpi_benchmark_onesided_pscw;3;62.430143;112.819393;134.290934
build/stencil_mpi/mpi_benchmark_onesided_pscw;4;47.784805;343.783641;450.601101
build/stencil_mpi/mpi_benchmark_onesided_pscw;8;29.639959;126.460695;145.802975
build/stencil_mpi/mpi_benchmark_onesided_pscw;10;28.853178;102.691158;121.831894
build/stencil_mpi/mpi_benchmark_onesided_pscw;12;25.382996;82.770491;92.885971
build/stencil_mpi/mpi_benchmark_onesided_pscw;16;21.371841;102.252030;121.551037
build/stencil_mpi/mpi_benchmark_onesided_pscw;20;19.325972;70.900623;83.092928
build/stencil_mpi/mpi_benchmark_onesided_pscw;24;17.236948;47.062500;59.947014
build/stencil_mpi/mpi_benchmark_onesided_pscw;28;15.929937;40.512514;49.979925
build/stencil_mpi/mpi_benchmark_onesided_pscw;32;14.018059;24.708517;38.725138
build/stencil_mpi/mpi_benchmark_onesided_pscw;34;14.115095;18.566171;36.034107
build/stencil_mpi/mpi_benchmark_onesided_pscw;36;15.695810;47.814647;56.412935

rows;4000
cols;4000
its;5
algorithm;P;min;avg;max
build/stencil_sequential/sequential_benchmark_tmp_matrix;1;320.276855;322.378182;323.083008
build/stencil_sequential/sequential_benchmark_one_vector;1;333.902100;340.442415;350.507812
build/stencil_mpi/mpi_benchmark_sendrecv;1;353.441954;356.094567;363.569021
build/stencil_mpi/mpi_benchmark_sendrecv;2;153.303146;154.127336;158.820152
build/stencil_mpi/mpi_benchmark_sendrecv;4;75.179100;80.440553;90.051174
build/stencil_mpi/mpi_benchmark_sendrecv;8;44.518948;50.909551;56.010008
build/stencil_mpi/mpi_benchmark_sendrecv;10;39.155006;53.912155;65.402985
build/stencil_mpi/mpi_benchmark_sendrecv;12;34.334898;51.749730;61.955929
build/stencil_mpi/mpi_benchmark_sendrecv;16;27.654886;39.093757;44.371128
build/stencil_mpi/mpi_benchmark_sendrecv;20;24.384975;47.274017;53.865194
build/stencil_mpi/mpi_benchmark_sendrecv;24;21.375895;39.807677;51.056147
build/stencil_mpi/mpi_benchmark_sendrecv;28;18.719196;32.851680;43.074131
build/stencil_mpi/mpi_benchmark_sendrecv;32;17.750025;40.502199;62.201977
build/stencil_mpi/mpi_benchmark_sendrecv;34;16.422033;33.087977;49.431086
build/stencil_mpi/mpi_benchmark_sendrecv;36;16.983032;42.573476;62.375784
build/stencil_mpi/mpi_benchmark_nonblocking;1;352.488995;354.860115;361.124992
build/stencil_mpi/mpi_benchmark_nonblocking;2;151.731014;152.928901;156.729937
build/stencil_mpi/mpi_benchmark_nonblocking;4;72.388887;89.858039;101.197004
build/stencil_mpi/mpi_benchmark_nonblocking;8;38.720131;56.576951;71.947098
build/stencil_mpi/mpi_benchmark_nonblocking;10;33.301830;60.414052;82.431078
build/stencil_mpi/mpi_benchmark_nonblocking;12;28.657913;48.269963;58.682919
build/stencil_mpi/mpi_benchmark_nonblocking;16;21.595001;37.868857;44.651031
build/stencil_mpi/mpi_benchmark_nonblocking;20;18.842936;46.865376;59.424162
build/stencil_mpi/mpi_benchmark_nonblocking;24;16.415119;45.160357;56.663036
build/stencil_mpi/mpi_benchmark_nonblocking;28;14.145136;40.788690;51.136017
build/stencil_mpi/mpi_benchmark_nonblocking;32;13.744831;50.526826;85.414171
build/stencil_mpi/mpi_benchmark_nonblocking;34;12.208939;32.733790;49.208879
build/stencil_mpi/mpi_benchmark_nonblocking;36;12.528181;57.431714;83.924055
build/stencil_mpi/mpi_benchmark_onesided_fence;1;347.701073;355.213976;360.687017
build/stencil_mpi/mpi_benchmark_onesided_fence;2;152.070999;152.818203;158.359051
build/stencil_mpi/mpi_benchmark_onesided_fence;4;86.431980;319.355059;452.279091
build/stencil_mpi/mpi_benchmark_onesided_fence;8;53.422928;163.900463;221.117020
build/stencil_mpi/mpi_benchmark_onesided_fence;10;42.903900;126.749198;166.029930
build/stencil_mpi/mpi_benchmark_onesided_fence;12;37.482977;128.537806;171.401978
build/stencil_mpi/mpi_benchmark_onesided_fence;16;31.198978;131.945300;185.974121
build/stencil_mpi/mpi_benchmark_onesided_fence;20;25.779963;96.456448;124.593019
build/stencil_mpi/mpi_benchmark_onesided_fence;24;24.610043;73.192199;86.241007
build/stencil_mpi/mpi_benchmark_onesided_fence;28;22.363186;72.259410;95.292091
build/stencil_mpi/mpi_benchmark_onesided_fence;32;23.828030;48.584421;53.605080
build/stencil_mpi/mpi_benchmark_onesided_fence;34;23.861170;34.099746;42.420149
build/stencil_mpi/mpi_benchmark_onesided_fence;36;22.992849;67.827908;84.964037
build/stencil_mpi/mpi_benchmark_onesided_pscw;1;352.404118;354.364991;355.766058
build/stencil_mpi/mpi_benchmark_onesided_pscw;2;154.114008;155.786220;159.240007
build/stencil_mpi/mpi_benchmark_onesided_pscw;4;85.150003;311.917090;432.909012
build/stencil_mpi/mpi_benchmark_onesided_pscw;8;49.795866;163.286352;221.214056
build/stencil_mpi/mpi_benchmark_onesided_pscw;10;41.213989;127.480578;167.592049
build/stencil_mpi/mpi_benchmark_onesided_pscw;12;36.469936;126.156028;167.342186
build/stencil_mpi/mpi_benchmark_onesided_pscw;16;30.226946;124.399781;172.595978
build/stencil_mpi/mpi_benchmark_onesided_pscw;20;23.917913;97.361644;131.478071
build/stencil_mpi/mpi_benchmark_onesided_pscw;24;22.191048;76.940115;100.012064
build/stencil_mpi/mpi_benchmark_onesided_pscw;28;18.822193;63.817763;78.417063
build/stencil_mpi/mpi_benchmark_onesided_pscw;32;19.026995;54.106617;65.999985
build/stencil_mpi/mpi_benchmark_onesided_pscw;34;20.725965;35.785278;38.360119
build/stencil_mpi/mpi_benchmark_onesided_pscw;36;18.285990;66.478952;82.919121

rows;4000
cols;4000
its;10
algorithm;P;min;avg;max
build/stencil_sequential/sequential_benchmark_tmp_matrix;1;613.509033;637.443644;645.423096
build/stencil_sequential/sequential_benchmark_one_vector;1;688.687988;691.976807;694.654053
build/stencil_mpi/mpi_benchmark_sendrecv;1;698.987961;706.562153;713.664770
build/stencil_mpi/mpi_benchmark_sendrecv;2;282.294989;288.471119;298.824072
build/stencil_mpi/mpi_benchmark_sendrecv;4;162.930012;187.611429;204.863071
build/stencil_mpi/mpi_benchmark_sendrecv;8;86.549997;98.060838;105.514050
build/stencil_mpi/mpi_benchmark_sendrecv;10;80.450058;105.899326;119.039059
build/stencil_mpi/mpi_benchmark_sendrecv;12;72.276115;138.704006;163.972139
build/stencil_mpi/mpi_benchmark_sendrecv;16;58.527946;74.208363;86.338997
build/stencil_mpi/mpi_benchmark_sendrecv;20;51.877975;92.596110;119.567156
build/stencil_mpi/mpi_benchmark_sendrecv;24;47.701836;103.637067;143.748045
build/stencil_mpi/mpi_benchmark_sendrecv;28;41.906834;65.573827;97.313881
build/stencil_mpi/mpi_benchmark_sendrecv;32;39.808035;118.485800;186.393023
build/stencil_mpi/mpi_benchmark_sendrecv;34;38.188934;93.188341;139.643192
build/stencil_mpi/mpi_benchmark_sendrecv;36;38.515806;142.317446;232.290030
build/stencil_mpi/mpi_benchmark_nonblocking;1;675.081968;685.610469;702.050924
build/stencil_mpi/mpi_benchmark_nonblocking;2;287.208080;288.896879;296.313047
build/stencil_mpi/mpi_benchmark_nonblocking;4;151.588202;194.115472;212.282896
build/stencil_mpi/mpi_benchmark_nonblocking;8;81.054926;117.685215;131.370068
build/stencil_mpi/mpi_benchmark_nonblocking;10;69.850922;150.436052;195.448160
build/stencil_mpi/mpi_benchmark_nonblocking;12;59.751987;104.570603;121.263981
build/stencil_mpi/mpi_benchmark_nonblocking;16;46.343088;94.098894;122.725964
build/stencil_mpi/mpi_benchmark_nonblocking;20;39.454937;111.799733;142.246008
build/stencil_mpi/mpi_benchmark_nonblocking;24;35.690069;99.892990;145.100117
build/stencil_mpi/mpi_benchmark_nonblocking;28;29.494047;94.611907;133.345127
build/stencil_mpi/mpi_benchmark_nonblocking;32;29.563904;159.037129;256.546021
build/stencil_mpi/mpi_benchmark_nonblocking;34;27.831078;91.840633;137.694120
build/stencil_mpi/mpi_benchmark_nonblocking;36;27.141094;150.392087;210.731983
build/stencil_mpi/mpi_benchmark_onesided_fence;1;678.385019;696.272039;708.383083
build/stencil_mpi/mpi_benchmark_onesided_fence;2;293.473005;294.607941;303.108931
build/stencil_mpi/mpi_benchmark_onesided_fence;4;158.222914;819.476549;1129.920959
build/stencil_mpi/mpi_benchmark_onesided_fence;8;95.121861;364.792609;448.693037
build/stencil_mpi/mpi_benchmark_onesided_fence;10;78.323841;265.916896;306.420088
build/stencil_mpi/mpi_benchmark_onesided_fence;12;69.442987;298.295013;365.926027
build/stencil_mpi/mpi_benchmark_onesided_fence;16;56.933880;316.992338;426.155090
build/stencil_mpi/mpi_benchmark_onesided_fence;20;46.395779;225.432841;269.520044
build/stencil_mpi/mpi_benchmark_onesided_fence;24;43.938875;171.727395;198.332071
build/stencil_mpi/mpi_benchmark_onesided_fence;28;39.910078;127.440166;143.821001
build/stencil_mpi/mpi_benchmark_onesided_fence;32;40.715933;94.665575;108.093023
build/stencil_mpi/mpi_benchmark_onesided_fence;34;31.738043;51.152229;84.952831
build/stencil_mpi/mpi_benchmark_onesided_fence;36;39.091110;176.195415;204.677105
build/stencil_mpi/mpi_benchmark_onesided_pscw;1;693.364143;693.878285;695.876837
build/stencil_mpi/mpi_benchmark_onesided_pscw;2;295.609951;296.748273;304.691076
build/stencil_mpi/mpi_benchmark_onesided_pscw;4;154.874086;823.572715;1135.319948
build/stencil_mpi/mpi_benchmark_onesided_pscw;8;89.512110;400.139689;511.570930
build/stencil_mpi/mpi_benchmark_onesided_pscw;10;75.087786;300.466665;367.723942
build/stencil_mpi/mpi_benchmark_onesided_pscw;12;64.903021;298.729316;368.672848
build/stencil_mpi/mpi_benchmark_onesided_pscw;16;52.856922;281.095155;344.342947
build/stencil_mpi/mpi_benchmark_onesided_pscw;20;42.000055;197.073078;230.167150
build/stencil_mpi/mpi_benchmark_onesided_pscw;24;37.354946;153.934741;178.529024
build/stencil_mpi/mpi_benchmark_onesided_pscw;28;33.014059;113.654812;127.186060
build/stencil_mpi/mpi_benchmark_onesided_pscw;32;32.980919;103.757119;120.300055
build/stencil_mpi/mpi_benchmark_onesided_pscw;34;25.400877;54.857492;78.412056
build/stencil_mpi/mpi_benchmark_onesided_pscw;36;30.307055;129.160484;150.089979

rows;10000
cols;10000
its;5
algorithm;P;min;avg;max
build/stencil_sequential/sequential_benchmark_tmp_matrix;1;1789.813965;1807.385002;1943.892090
build/stencil_sequential/sequential_benchmark_one_vector;1;2072.722168;2114.360547;2178.404053
build/stencil_mpi/mpi_benchmark_sendrecv;1;2165.529013;2211.946217;2243.944883
build/stencil_mpi/mpi_benchmark_sendrecv;2;1099.966049;1101.505041;1106.935978
build/stencil_mpi/mpi_benchmark_sendrecv;4;550.601959;558.938042;568.086147
build/stencil_mpi/mpi_benchmark_sendrecv;8;267.699957;270.872855;283.058882
build/stencil_mpi/mpi_benchmark_sendrecv;10;196.392059;199.659729;207.805157
build/stencil_mpi/mpi_benchmark_sendrecv;12;180.608034;183.859404;194.593906
build/stencil_mpi/mpi_benchmark_sendrecv;16;141.247988;142.193945;151.761055
build/stencil_mpi/mpi_benchmark_sendrecv;20;104.264975;105.382888;113.601208
build/stencil_mpi/mpi_benchmark_sendrecv;24;83.266973;120.035879;146.017075
build/stencil_mpi/mpi_benchmark_sendrecv;28;71.753979;109.938916;123.661995
build/stencil_mpi/mpi_benchmark_sendrecv;32;63.462973;86.023974;107.620001
build/stencil_mpi/mpi_benchmark_sendrecv;34;65.433979;96.290628;128.525972
build/stencil_mpi/mpi_benchmark_sendrecv;36;58.663130;84.397729;103.554010
build/stencil_mpi/mpi_benchmark_nonblocking;1;2196.496010;2197.671191;2207.964182
build/stencil_mpi/mpi_benchmark_nonblocking;2;1082.433939;1100.612466;1114.372969
build/stencil_mpi/mpi_benchmark_nonblocking;4;549.783945;551.956288;560.296059
build/stencil_mpi/mpi_benchmark_nonblocking;8;261.790991;263.774323;269.073009
build/stencil_mpi/mpi_benchmark_nonblocking;10;189.224005;191.356484;196.515083
build/stencil_mpi/mpi_benchmark_nonblocking;12;178.858042;179.474513;184.604883
build/stencil_mpi/mpi_benchmark_nonblocking;16;134.378910;135.598199;139.703989
build/stencil_mpi/mpi_benchmark_nonblocking;20;98.267078;98.817317;102.854013
build/stencil_mpi/mpi_benchmark_nonblocking;24;77.393055;111.232678;124.877930
build/stencil_mpi/mpi_benchmark_nonblocking;28;66.096783;95.104790;106.194019
build/stencil_mpi/mpi_benchmark_nonblocking;32;59.458017;96.655242;130.326033
build/stencil_mpi/mpi_benchmark_nonblocking;34;58.909178;96.737043;133.920908
build/stencil_mpi/mpi_benchmark_nonblocking;36;54.301977;82.860009;95.386982
build/stencil_mpi/mpi_benchmark_onesided_fence;1;2141.055107;2194.770853;2226.380110
build/stencil_mpi/mpi_benchmark_onesided_fence;2;1103.220940;1104.504840;1110.048056
build/stencil_mpi/mpi_benchmark_onesided_fence;4;559.957027;561.731251;564.206123
build/stencil_mpi/mpi_benchmark_onesided_fence;8;266.769171;269.988020;276.728153
build/stencil_mpi/mpi_benchmark_onesided_fence;10;194.934130;197.040534;202.479124
build/stencil_mpi/mpi_benchmark_onesided_fence;12;181.808949;183.428582;190.703154
build/stencil_mpi/mpi_benchmark_onesided_fence;16;138.776064;140.143696;145.900011
build/stencil_mpi/mpi_benchmark_onesided_fence;20;102.222919;103.050129;107.319832
build/stencil_mpi/mpi_benchmark_onesided_fence;24;93.713045;274.389903;370.162964
build/stencil_mpi/mpi_benchmark_onesided_fence;28;81.790924;228.652763;294.872999
build/stencil_mpi/mpi_benchmark_onesided_fence;32;74.851036;194.667021;249.382019
build/stencil_mpi/mpi_benchmark_onesided_fence;34;74.755907;138.697433;159.881115
build/stencil_mpi/mpi_benchmark_onesided_fence;36;69.249868;248.241138;332.978964
build/stencil_mpi/mpi_benchmark_onesided_pscw;1;2142.849922;2160.214607;2199.271917
build/stencil_mpi/mpi_benchmark_onesided_pscw;2;1098.021030;1101.926064;1102.944136
build/stencil_mpi/mpi_benchmark_onesided_pscw;4;555.482864;560.921113;566.325188
build/stencil_mpi/mpi_benchmark_onesided_pscw;8;265.142918;267.241971;274.961948
build/stencil_mpi/mpi_benchmark_onesided_pscw;10;194.694996;196.331366;199.681997
build/stencil_mpi/mpi_benchmark_onesided_pscw;12;180.230856;181.748788;189.090967
build/stencil_mpi/mpi_benchmark_onesided_pscw;16;137.248039;138.123274;143.275976
build/stencil_mpi/mpi_benchmark_onesided_pscw;20;100.706816;101.297688;105.072975
build/stencil_mpi/mpi_benchmark_onesided_pscw;24;91.187954;266.389553;359.114170
build/stencil_mpi/mpi_benchmark_onesided_pscw;28;79.576969;222.861560;294.325829
build/stencil_mpi/mpi_benchmark_onesided_pscw;32;72.525978;199.423838;263.976097
build/stencil_mpi/mpi_benchmark_onesided_pscw;34;70.745945;128.444020;141.373873
build/stencil_mpi/mpi_benchmark_onesided_pscw;36;64.506054;249.242123;339.524984

rows;10000
cols;10000
its;10
algorithm;P;min;avg;max
build/stencil_sequential/sequential_benchmark_tmp_matrix;1;3654.909912;3963.051147;4021.425049
build/stencil_sequential/sequential_benchmark_one_vector;1;4257.020996;4301.785156;4358.211914
build/stencil_mpi/mpi_benchmark_sendrecv;1;4208.948851;4314.974173;4758.199930
build/stencil_mpi/mpi_benchmark_sendrecv;2;2144.625902;2152.006372;2166.429996
build/stencil_mpi/mpi_benchmark_sendrecv;4;1093.109846;1096.382284;1127.803087
build/stencil_mpi/mpi_benchmark_sendrecv;8;519.691944;523.983955;538.697004
build/stencil_mpi/mpi_benchmark_sendrecv;10;378.023863;383.523393;399.430037
build/stencil_mpi/mpi_benchmark_sendrecv;12;356.291056;360.027218;373.558998
build/stencil_mpi/mpi_benchmark_sendrecv;16;274.200916;276.321538;288.264990
build/stencil_mpi/mpi_benchmark_sendrecv;20;201.704979;203.111553;213.294029
build/stencil_mpi/mpi_benchmark_sendrecv;24;173.408031;293.763479;368.674040
build/stencil_mpi/mpi_benchmark_sendrecv;28;151.983023;210.363038;238.944054
build/stencil_mpi/mpi_benchmark_sendrecv;32;133.607149;209.407640;276.978970
build/stencil_mpi/mpi_benchmark_sendrecv;34;139.132977;240.698894;331.459999
build/stencil_mpi/mpi_benchmark_sendrecv;36;125.431061;218.097846;307.523012
build/stencil_mpi/mpi_benchmark_nonblocking;1;4331.393003;4359.761985;4429.567099
build/stencil_mpi/mpi_benchmark_nonblocking;2;2141.351938;2167.188152;2195.230961
build/stencil_mpi/mpi_benchmark_nonblocking;4;1073.724985;1084.181595;1094.877958
build/stencil_mpi/mpi_benchmark_nonblocking;8;504.049063;507.849932;520.605087
build/stencil_mpi/mpi_benchmark_nonblocking;10;362.138987;366.107726;372.702837
build/stencil_mpi/mpi_benchmark_nonblocking;12;342.221975;344.300095;354.537010
build/stencil_mpi/mpi_benchmark_nonblocking;16;262.062073;263.514638;269.593000
build/stencil_mpi/mpi_benchmark_nonblocking;20;187.623978;188.720091;194.532871
build/stencil_mpi/mpi_benchmark_nonblocking;24;162.575960;245.870694;286.623955
build/stencil_mpi/mpi_benchmark_nonblocking;28;140.470982;206.458457;232.055902
build/stencil_mpi/mpi_benchmark_nonblocking;32;125.624895;240.368509;323.879004
build/stencil_mpi/mpi_benchmark_nonblocking;34;123.251915;251.041071;358.354092
build/stencil_mpi/mpi_benchmark_nonblocking;36;113.680840;194.519297;229.743958
build/stencil_mpi/mpi_benchmark_onesided_fence;1;4176.376104;4261.476747;4362.460136
build/stencil_mpi/mpi_benchmark_onesided_fence;2;2114.409208;2163.528752;2206.511974
build/stencil_mpi/mpi_benchmark_onesided_fence;4;1081.407070;1090.401244;1106.691122
build/stencil_mpi/mpi_benchmark_onesided_fence;8;520.948172;523.297381;531.240940
build/stencil_mpi/mpi_benchmark_onesided_fence;10;374.656916;379.141188;389.493942
build/stencil_mpi/mpi_benchmark_onesided_fence;12;350.797176;354.325557;363.304853
build/stencil_mpi/mpi_benchmark_onesided_fence;16;267.035007;269.235818;276.902914
build/stencil_mpi/mpi_benchmark_onesided_fence;20;197.674036;199.052612;204.159021
build/stencil_mpi/mpi_benchmark_onesided_fence;24;175.779104;681.544908;901.473045
build/stencil_mpi/mpi_benchmark_onesided_fence;28;154.311895;553.857716;713.160038
build/stencil_mpi/mpi_benchmark_onesided_fence;32;139.490843;464.365196;585.449934
build/stencil_mpi/mpi_benchmark_onesided_fence;34;142.131805;294.151616;321.810961
build/stencil_mpi/mpi_benchmark_onesided_fence;36;129.934072;609.843604;815.139055
build/stencil_mpi/mpi_benchmark_onesided_pscw;1;4317.048073;4372.265999;4406.424999
build/stencil_mpi/mpi_benchmark_onesided_pscw;2;2163.425922;2187.895664;2213.077068
build/stencil_mpi/mpi_benchmark_onesided_pscw;4;1078.439951;1091.871397;1102.566957
build/stencil_mpi/mpi_benchmark_onesided_pscw;8;515.433073;522.861417;530.663967
build/stencil_mpi/mpi_benchmark_onesided_pscw;10;372.822046;375.406607;383.376122
build/stencil_mpi/mpi_benchmark_onesided_pscw;12;349.627018;352.550133;361.382961
build/stencil_mpi/mpi_benchmark_onesided_pscw;16;266.475916;267.978382;275.185108
build/stencil_mpi/mpi_benchmark_onesided_pscw;20;192.744970;194.254518;199.360847
build/stencil_mpi/mpi_benchmark_onesided_pscw;24;169.632912;639.520788;837.275982
build/stencil_mpi/mpi_benchmark_onesided_pscw;28;150.163889;539.570721;695.357084
build/stencil_mpi/mpi_benchmark_onesided_pscw;32;133.416891;481.085579;614.625931
build/stencil_mpi/mpi_benchmark_onesided_pscw;34;134.383917;294.189930;322.703123
build/stencil_mpi/mpi_benchmark_onesided_pscw;36;120.471954;599.710234;754.264832

rows;20000
cols;20000
its;5
algorithm;P;min;avg;max
build/stencil_sequential/sequential_benchmark_tmp_matrix;1;9420.216064;9524.737956;9544.975098
build/stencil_sequential/sequential_benchmark_one_vector;1;8376.908936;8420.990031;8520.853027
build/stencil_mpi/mpi_benchmark_sendrecv;1;8723.108053;8969.328952;9156.854153
build/stencil_mpi/mpi_benchmark_sendrecv;2;4693.588018;4762.474529;4820.210934
build/stencil_mpi/mpi_benchmark_sendrecv;3;2937.348127;2994.966340;3064.990044
build/stencil_mpi/mpi_benchmark_sendrecv;4;2236.881018;2254.424326;2264.837027
build/stencil_mpi/mpi_benchmark_sendrecv;8;1118.183136;1127.291799;1139.820099
build/stencil_mpi/mpi_benchmark_sendrecv;10;900.557041;908.342822;915.591002
build/stencil_mpi/mpi_benchmark_sendrecv;12;755.079031;757.254322;766.123056
build/stencil_mpi/mpi_benchmark_sendrecv;16;566.703081;572.045358;580.597878
build/stencil_mpi/mpi_benchmark_sendrecv;20;455.647945;461.171277;468.729019
build/stencil_mpi/mpi_benchmark_sendrecv;24;365.257978;367.581336;374.999046
build/stencil_mpi/mpi_benchmark_sendrecv;28;310.160160;312.949276;322.089911
build/stencil_mpi/mpi_benchmark_sendrecv;32;271.315098;273.549867;285.279989
build/stencil_mpi/mpi_benchmark_sendrecv;34;229.130983;232.638343;240.913153
build/stencil_mpi/mpi_benchmark_sendrecv;36;247.790098;250.049218;260.576010
build/stencil_mpi/mpi_benchmark_nonblocking;1;8925.390005;9086.203416;9266.793966
build/stencil_mpi/mpi_benchmark_nonblocking;2;4309.962988;4422.270521;4514.265776
build/stencil_mpi/mpi_benchmark_nonblocking;3;2980.700016;3045.456910;3073.040009
build/stencil_mpi/mpi_benchmark_nonblocking;4;2208.617926;2231.666319;2253.973007
build/stencil_mpi/mpi_benchmark_nonblocking;8;1101.725101;1109.634010;1120.301962
build/stencil_mpi/mpi_benchmark_nonblocking;10;887.306929;896.813544;902.642012
build/stencil_mpi/mpi_benchmark_nonblocking;12;735.316992;743.472854;747.843981
build/stencil_mpi/mpi_benchmark_nonblocking;16;558.048964;560.691730;564.455986
build/stencil_mpi/mpi_benchmark_nonblocking;20;450.913906;453.073772;454.589844
build/stencil_mpi/mpi_benchmark_nonblocking;24;358.553886;360.214949;364.151001
build/stencil_mpi/mpi_benchmark_nonblocking;28;302.594900;304.419692;308.568001
build/stencil_mpi/mpi_benchmark_nonblocking;32;263.154984;264.743225;269.855976
build/stencil_mpi/mpi_benchmark_nonblocking;34;222.910881;224.867662;230.805159
build/stencil_mpi/mpi_benchmark_nonblocking;36;241.734982;243.361012;250.064135
build/stencil_mpi/mpi_benchmark_onesided_fence;1;8671.540022;8966.605226;9217.227936
build/stencil_mpi/mpi_benchmark_onesided_fence;2;4415.152073;4445.371079;4500.977993
build/stencil_mpi/mpi_benchmark_onesided_fence;3;2881.028891;2917.669185;2949.049950
build/stencil_mpi/mpi_benchmark_onesided_fence;4;2213.121891;2223.594832;2247.814894
build/stencil_mpi/mpi_benchmark_onesided_fence;8;1124.803782;1130.820258;1134.762049
build/stencil_mpi/mpi_benchmark_onesided_fence;10;899.502039;908.784151;914.412975
build/stencil_mpi/mpi_benchmark_onesided_fence;12;748.811007;753.077491;759.382010
build/stencil_mpi/mpi_benchmark_onesided_fence;16;559.008121;564.424459;574.148893
build/stencil_mpi/mpi_benchmark_onesided_fence;20;454.852104;457.451948;461.251020
build/stencil_mpi/mpi_benchmark_onesided_fence;24;363.035917;365.784883;373.337030
build/stencil_mpi/mpi_benchmark_onesided_fence;28;310.233116;311.736480;319.010973
build/stencil_mpi/mpi_benchmark_onesided_fence;32;270.161867;272.131809;278.892994
build/stencil_mpi/mpi_benchmark_onesided_fence;34;233.863115;236.706797;244.318008
build/stencil_mpi/mpi_benchmark_onesided_fence;36;246.419191;247.881508;255.958080
build/stencil_mpi/mpi_benchmark_onesided_pscw;1;9705.539942;10017.323438;10460.397005
build/stencil_mpi/mpi_benchmark_onesided_pscw;2;4413.026094;4460.159620;4494.100809
build/stencil_mpi/mpi_benchmark_onesided_pscw;3;2888.556957;2909.882991;2934.634924
build/stencil_mpi/mpi_benchmark_onesided_pscw;4;2227.794886;2241.251024;2252.043962
build/stencil_mpi/mpi_benchmark_onesided_pscw;8;1122.218132;1128.418366;1131.476879
build/stencil_mpi/mpi_benchmark_onesided_pscw;10;905.080080;908.222588;913.377047
build/stencil_mpi/mpi_benchmark_onesided_pscw;12;748.426914;750.790564;758.559942
build/stencil_mpi/mpi_benchmark_onesided_pscw;16;562.293053;565.529553;572.769880
build/stencil_mpi/mpi_benchmark_onesided_pscw;20;454.314947;457.784192;464.238167
build/stencil_mpi/mpi_benchmark_onesided_pscw;24;361.191988;363.589247;368.158102
build/stencil_mpi/mpi_benchmark_onesided_pscw;28;308.264971;310.129245;316.390038
build/stencil_mpi/mpi_benchmark_onesided_pscw;32;268.208027;269.907530;276.098013
build/stencil_mpi/mpi_benchmark_onesided_pscw;34;230.293036;233.406234;238.945961
build/stencil_mpi/mpi_benchmark_onesided_pscw;36;243.544102;244.893376;250.889063

rows;20000
cols;20000
its;10
algorithm;P;min;avg;max
build/stencil_sequential/sequential_benchmark_tmp_matrix;1;18634.678955;19040.601831;19155.674072
build/stencil_sequential/sequential_benchmark_one_vector;1;16712.058838;17401.275521;20074.881836
build/stencil_mpi/mpi_benchmark_sendrecv;1;17287.144899;17982.341584;20195.870876
build/stencil_mpi/mpi_benchmark_sendrecv;2;8636.039019;8794.122958;8847.661972
build/stencil_mpi/mpi_benchmark_sendrecv;3;5714.787006;5772.339312;5809.651136
build/stencil_mpi/mpi_benchmark_sendrecv;4;4375.783920;4424.306424;4466.289043
build/stencil_mpi/mpi_benchmark_sendrecv;8;2213.483095;3003.451435;13511.426926
build/stencil_mpi/mpi_benchmark_sendrecv;10;1790.440083;2703.440054;11165.636063
build/stencil_mpi/mpi_benchmark_sendrecv;12;1469.841957;1483.279117;1499.876022
build/stencil_mpi/mpi_benchmark_sendrecv;16;1111.577988;1124.831796;1136.682987
build/stencil_mpi/mpi_benchmark_sendrecv;20;893.380165;903.055199;927.089930
build/stencil_mpi/mpi_benchmark_sendrecv;24;714.092970;718.175403;737.515926
build/stencil_mpi/mpi_benchmark_sendrecv;28;602.766991;607.764792;628.826141
build/stencil_mpi/mpi_benchmark_sendrecv;32;527.156115;530.493315;549.106121
build/stencil_mpi/mpi_benchmark_sendrecv;34;440.551996;446.254333;459.242105
build/stencil_mpi/mpi_benchmark_sendrecv;36;485.270977;488.124490;510.624886
build/stencil_mpi/mpi_benchmark_nonblocking;1;18704.514980;19473.937043;19856.981039
build/stencil_mpi/mpi_benchmark_nonblocking;2;8596.861839;8790.233684;10292.073965
build/stencil_mpi/mpi_benchmark_nonblocking;3;5741.366148;6115.408937;6977.131128
build/stencil_mpi/mpi_benchmark_nonblocking;4;4326.855183;4501.445039;5330.532074
build/stencil_mpi/mpi_benchmark_nonblocking;8;2171.045065;2213.854067;2496.092081
build/stencil_mpi/mpi_benchmark_nonblocking;10;1747.557878;1813.504044;2017.182112
build/stencil_mpi/mpi_benchmark_nonblocking;12;1444.283009;1473.994819;1611.258984
build/stencil_mpi/mpi_benchmark_nonblocking;16;1099.771023;1114.628919;1233.206987
build/stencil_mpi/mpi_benchmark_nonblocking;20;882.952929;895.461837;1033.760071
build/stencil_mpi/mpi_benchmark_nonblocking;24;694.849968;705.699086;801.064014
build/stencil_mpi/mpi_benchmark_nonblocking;28;589.932919;597.024679;654.908180
build/stencil_mpi/mpi_benchmark_nonblocking;32;513.370037;515.516361;519.651890
build/stencil_mpi/mpi_benchmark_nonblocking;34;425.163031;433.362015;503.212929
build/stencil_mpi/mpi_benchmark_nonblocking;36;468.792200;471.634730;478.598833
build/stencil_mpi/mpi_benchmark_onesided_fence;1;16886.795044;17365.257875;17782.083988
build/stencil_mpi/mpi_benchmark_onesided_fence;2;8647.397995;9340.179253;10397.864103
build/stencil_mpi/mpi_benchmark_onesided_fence;3;5674.876928;5937.139463;6736.543179
build/stencil_mpi/mpi_benchmark_onesided_fence;4;4347.296000;4459.340421;4951.636076
build/stencil_mpi/mpi_benchmark_onesided_fence;8;2205.273151;2247.187344;2424.489021
build/stencil_mpi/mpi_benchmark_onesided_fence;10;1766.790152;1837.471763;2191.186905
build/stencil_mpi/mpi_benchmark_onesided_fence;12;1477.214813;1516.308880;1751.557112
build/stencil_mpi/mpi_benchmark_onesided_fence;16;1110.062838;1113.788986;1125.002861
build/stencil_mpi/mpi_benchmark_onesided_fence;20;900.238991;910.166343;1034.248829
build/stencil_mpi/mpi_benchmark_onesided_fence;24;710.684061;718.134085;788.403988
build/stencil_mpi/mpi_benchmark_onesided_fence;28;604.356050;611.780492;692.677021
build/stencil_mpi/mpi_benchmark_onesided_fence;32;527.154922;533.411145;607.127905
build/stencil_mpi/mpi_benchmark_onesided_fence;34;449.912071;457.536085;541.291952
build/stencil_mpi/mpi_benchmark_onesided_fence;36;480.258942;485.099824;548.354864
build/stencil_mpi/mpi_benchmark_onesided_pscw;1;16918.722868;17475.783134;19810.751915
build/stencil_mpi/mpi_benchmark_onesided_pscw;2;8517.359018;9332.495602;10482.622147
build/stencil_mpi/mpi_benchmark_onesided_pscw;3;5675.663948;5765.631342;6476.456881
build/stencil_mpi/mpi_benchmark_onesided_pscw;4;4375.061989;4502.434031;5036.894083
build/stencil_mpi/mpi_benchmark_onesided_pscw;8;2196.427107;2259.746361;2558.645010
build/stencil_mpi/mpi_benchmark_onesided_pscw;10;1783.569098;1805.724216;2025.496006
build/stencil_mpi/mpi_benchmark_onesided_pscw;12;1470.990896;1482.971907;1562.996864
build/stencil_mpi/mpi_benchmark_onesided_pscw;16;1101.253033;1115.691328;1206.176996
build/stencil_mpi/mpi_benchmark_onesided_pscw;20;891.227007;916.486677;1070.548058
build/stencil_mpi/mpi_benchmark_onesided_pscw;24;707.472086;711.934773;762.923956
build/stencil_mpi/mpi_benchmark_onesided_pscw;28;597.427130;601.067901;607.837915
build/stencil_mpi/mpi_benchmark_onesided_pscw;32;522.274971;525.390752;535.379171
build/stencil_mpi/mpi_benchmark_onesided_pscw;34;443.006992;447.815983;462.779999
build/stencil_mpi/mpi_benchmark_onesided_pscw;36;477.340937;478.973095;487.523794

